company_id,company_name,sector,city,state,lat,lng,verified,rating,total_transactions,material_type,material_label,quantity_kg,price_per_kg,emission_factor,sector_material,description
C001,Modern Associates,Foundry,Delhi,Delhi,28.939407740622908,76.85466329957765,True,3.5,27,sawdust,Sawdust,551,3.7,0.65,organic,"Sawdust surplus from foundry operations, approximately 551kg available, grade B, located in Delhi, Delhi"
C002,Aditya Limited,Chemical Plant,Ahmedabad,Gujarat,23.208158274006696,72.27529925580683,True,4.5,43,sawdust,Sawdust,1486,4.1,0.65,organic,"Sawdust surplus from textile mill operations, approximately 1486kg available, grade A, located in Ahmedabad, Gujarat"
C003,Mahindra Solutions,Food Processing,Surat,Gujarat,21.028912520333208,72.55717026575387,True,3.7,118,pcb_scrap,PCB / E-Waste Scrap,259,158.0,5.4,electronic,"PCB / E-Waste Scrap surplus from packaging manufacturer operations, approximately 259kg available, grade B, located in Surat, Gujarat"
C004,Global Manufacturing,Automobile Parts,Chennai,Tamil Nadu,13.179457991140627,80.43454100447322,True,4.8,110,used_lubricant,Used Lubricant Oil,1863,27.7,2.85,chemical,"Used Lubricant Oil surplus from food processing operations, approximately 1863kg available, grade A, located in Chennai, Tamil Nadu"
C005,National Limited,Furniture Manufacturer,Pune,Maharashtra,18.323083188918858,73.99417607877021,False,4.1,118,mixed_plastic,Mixed Plastic Scrap,808,17.2,1.5,plastics,"Mixed Plastic Scrap surplus from furniture manufacturer operations, approximately 808kg available, grade B, located in Pune, Maharashtra"
C005,National Limited,Furniture Manufacturer,Pune,Maharashtra,18.323083188918858,73.99417607877021,False,4.1,118,wood_chips,Wood Chips,596,6.4,0.72,organic,"Wood Chips surplus from furniture manufacturer operations, approximately 596kg available, grade A, located in Pune, Maharashtra"
C006,Reliance Works,Chemical Plant,Delhi,Delhi,28.44381316312693,77.35038167451134,True,4.6,27,used_lubricant,Used Lubricant Oil,164,23.0,2.85,chemical,"Used Lubricant Oil surplus from automobile parts operations, approximately 164kg available, grade B, located in Delhi, Delhi"
C007,United Works,Food Processing,Delhi,Delhi,28.64374030308424,76.93409245549438,True,4.3,11,fly_ash,Fly Ash,592,2.7,0.48,industrial,"Fly Ash surplus from foundry operations, approximately 592kg available, grade B, located in Delhi, Delhi"
C007,United Works,Food Processing,Delhi,Delhi,28.64374030308424,76.93409245549438,True,4.3,11,wood_chips,Wood Chips,1199,6.1,0.72,organic,"Wood Chips surplus from foundry operations, approximately 1199kg available, grade A, located in Delhi, Delhi"
C008,Kalyan Manufacturing,Paper Mill,Jamshedpur,Jharkhand,22.733571571903923,86.50057282814406,True,5.0,110,copper_wire,Copper Wire Scrap,377,456.8,3.8,metals,"Copper Wire Scrap surplus from paper mill operations, approximately 377kg available, grade A, located in Jamshedpur, Jharkhand"
C009,Aditya Industries,Foundry,Mumbai,Maharashtra,19.301511764226916,72.73573343045067,True,3.8,116,pcb_scrap,PCB / E-Waste Scrap,278,168.8,5.4,electronic,"PCB / E-Waste Scrap surplus from construction materials operations, approximately 278kg available, grade B, located in Mumbai, Maharashtra"
C010,Kalyan Solutions,Electronics Assembly,Pune,Maharashtra,18.232086045431497,74.11415916975878,True,4.7,39,copper_wire,Copper Wire Scrap,380,425.0,3.8,metals,"Copper Wire Scrap surplus from cement plant operations, approximately 380kg available, grade A, located in Pune, Maharashtra"
C010,Kalyan Solutions,Electronics Assembly,Pune,Maharashtra,18.232086045431497,74.11415916975878,True,4.7,39,pet_flakes,PET Flakes,1939,45.4,2.15,plastics,"PET Flakes surplus from automobile parts operations, approximately 1939kg available, grade A, located in Pune, Maharashtra"
C011,Pioneer Manufacturing,Cement Plant,Ahmedabad,Gujarat,23.04212370171771,72.34685630691226,True,4.9,21,fly_ash,Fly Ash,1989,2.6,0.48,industrial,"Fly Ash surplus from foundry operations, approximately 1989kg available, grade B, located in Ahmedabad, Gujarat"
C012,Mahindra Pvt Ltd,Plastic Moulding,Surat,Gujarat,21.14109168483468,72.67984336819961,False,3.5,70,fly_ash,Fly Ash,1544,3.2,0.48,industrial,"Fly Ash surplus from foundry operations, approximately 1544kg available, grade A, located in Surat, Gujarat"
C012,Mahindra Pvt Ltd,Plastic Moulding,Surat,Gujarat,21.14109168483468,72.67984336819961,False,3.5,70,cardboard,Cardboard / OCC,688,11.6,0.94,paper,"Cardboard / OCC surplus from furniture manufacturer operations, approximately 688kg available, grade B, located in Surat, Gujarat"
C013,Bharat Solutions,Packaging Manufacturer,Ahmedabad,Gujarat,23.030993671885156,72.43848635837873,True,4.3,92,aluminum_scrap,Aluminium Scrap,1342,82.4,9.2,metals,"Aluminium Scrap surplus from packaging manufacturer operations, approximately 1342kg available, grade B, located in Ahmedabad, Gujarat"
C014,JSW Pvt Ltd,Paint Manufacturer,Indore,MP,22.85704550967591,75.96171872837597,True,3.6,51,pcb_scrap,PCB / E-Waste Scrap,883,163.3,5.4,electronic,"PCB / E-Waste Scrap surplus from packaging manufacturer operations, approximately 883kg available, grade B, located in Indore, MP"
C014,JSW Pvt Ltd,Paint Manufacturer,Indore,MP,22.85704550967591,75.96171872837597,True,3.6,51,mixed_plastic,Mixed Plastic Scrap,1399,17.6,1.5,plastics,"Mixed Plastic Scrap surplus from paper mill operations, approximately 1399kg available, grade B, located in Indore, MP"
C015,National Pvt Ltd,Cement Plant,Ludhiana,Punjab,31.1178094628571,75.88749518746991,False,5.0,107,iron_powder,Iron Powder,1148,21.7,1.6,metals,"Iron Powder surplus from paper mill operations, approximately 1148kg available, grade B, located in Ludhiana, Punjab"
C015,National Pvt Ltd,Cement Plant,Ludhiana,Punjab,31.1178094628571,75.88749518746991,False,5.0,107,fly_ash,Fly Ash,425,2.8,0.48,industrial,"Fly Ash surplus from textile mill operations, approximately 425kg available, grade B, located in Ludhiana, Punjab"
C016,Jindal Industries,Construction Materials,Mumbai,Maharashtra,19.00338387138615,73.16888530626784,True,4.7,58,copper_wire,Copper Wire Scrap,1044,417.7,3.8,metals,"Copper Wire Scrap surplus from paint manufacturer operations, approximately 1044kg available, grade B, located in Mumbai, Maharashtra"
C017,Bharat Limited,Electronics Assembly,Surat,Gujarat,21.17191022975171,73.04273193522897,False,4.9,10,copper_wire,Copper Wire Scrap,169,430.0,3.8,metals,"Copper Wire Scrap surplus from plastic moulding operations, approximately 169kg available, grade A, located in Surat, Gujarat"
C017,Bharat Limited,Electronics Assembly,Surat,Gujarat,21.17191022975171,73.04273193522897,False,4.9,10,iron_powder,Iron Powder,174,23.6,1.6,metals,"Iron Powder surplus from automobile parts operations, approximately 174kg available, grade A, located in Surat, Gujarat"
C018,Modern Limited,Textile Mill,Kolkata,West Bengal,22.619951434504326,88.08774499737343,False,4.5,72,kraft_paper,Kraft Paper Waste,1432,8.9,0.86,paper,"Kraft Paper Waste surplus from paper mill operations, approximately 1432kg available, grade A, located in Kolkata, West Bengal"
C019,Reliance Manufacturing,Automobile Parts,Hyderabad,Telangana,17.359971313571155,78.78577266451266,True,3.6,27,iron_powder,Iron Powder,538,20.5,1.6,metals,"Iron Powder surplus from construction materials operations, approximately 538kg available, grade B, located in Hyderabad, Telangana"
C019,Reliance Manufacturing,Automobile Parts,Hyderabad,Telangana,17.359971313571155,78.78577266451266,True,3.6,27,wood_chips,Wood Chips,1425,6.3,0.72,organic,"Wood Chips surplus from electronics assembly operations, approximately 1425kg available, grade A, located in Hyderabad, Telangana"
C020,Tata Limited,Cement Plant,Hyderabad,Telangana,17.477385790626442,78.1913938642913,True,3.9,84,fly_ash,Fly Ash,1850,2.8,0.48,industrial,"Fly Ash surplus from chemical plant operations, approximately 1850kg available, grade B, located in Hyderabad, Telangana"
C020,Tata Limited,Cement Plant,Hyderabad,Telangana,17.477385790626442,78.1913938642913,True,3.9,84,pet_flakes,PET Flakes,373,44.2,2.15,plastics,"PET Flakes surplus from plastic moulding operations, approximately 373kg available, grade B, located in Hyderabad, Telangana"
C021,Kalyan Processing,Foundry,Pune,Maharashtra,18.426128172675952,73.9691982772808,True,4.3,32,aluminum_scrap,Aluminium Scrap,1183,85.2,9.2,metals,"Aluminium Scrap surplus from chemical plant operations, approximately 1183kg available, grade B, located in Pune, Maharashtra"
C022,Reliance Recyclers,Furniture Manufacturer,Indore,MP,23.0074787722973,75.65464918576433,True,4.6,71,wood_chips,Wood Chips,1748,5.6,0.72,organic,"Wood Chips surplus from automobile parts operations, approximately 1748kg available, grade B, located in Indore, MP"
C023,Mahindra Limited,Plastic Moulding,Mumbai,Maharashtra,18.86485627134049,72.65416731156928,True,4.8,101,fly_ash,Fly Ash,1901,2.7,0.48,industrial,"Fly Ash surplus from automobile parts operations, approximately 1901kg available, grade B, located in Mumbai, Maharashtra"
C024,Allied Works,Food Processing,Kolkata,West Bengal,22.722286566686126,88.61935829354174,True,3.7,102,iron_powder,Iron Powder,1415,19.4,1.6,metals,"Iron Powder surplus from cement plant operations, approximately 1415kg available, grade B, located in Kolkata, West Bengal"
C025,Shree Enterprises,Construction Materials,Jamshedpur,Jharkhand,22.977024705481284,85.96775737584177,True,4.8,28,steel_scrap,Steel Scrap,1943,36.1,1.85,metals,"Steel Scrap surplus from paper mill operations, approximately 1943kg available, grade B, located in Jamshedpur, Jharkhand"
C026,National Enterprises,Steel Mill,Ahmedabad,Gujarat,23.107389043164577,72.51120703061603,True,4.3,120,hdpe_pellets,HDPE Plastic Pellets,506,49.7,1.73,plastics,"HDPE Plastic Pellets surplus from textile mill operations, approximately 506kg available, grade B, located in Ahmedabad, Gujarat"
C026,National Enterprises,Steel Mill,Ahmedabad,Gujarat,23.107389043164577,72.51120703061603,True,4.3,120,used_lubricant,Used Lubricant Oil,866,23.7,2.85,chemical,"Used Lubricant Oil surplus from paint manufacturer operations, approximately 866kg available, grade B, located in Ahmedabad, Gujarat"
C027,Mahindra Solutions,Paper Mill,Mumbai,Maharashtra,19.139725311983685,72.8845538358017,True,4.4,32,copper_wire,Copper Wire Scrap,128,370.7,3.8,metals,"Copper Wire Scrap surplus from paper mill operations, approximately 128kg available, grade B, located in Mumbai, Maharashtra"
C028,JSW Manufacturing,Furniture Manufacturer,Mumbai,Maharashtra,19.328462513730823,72.95159324596786,True,3.7,115,cardboard,Cardboard / OCC,1456,12.8,0.94,paper,"Cardboard / OCC surplus from foundry operations, approximately 1456kg available, grade A, located in Mumbai, Maharashtra"
C028,JSW Manufacturing,Furniture Manufacturer,Mumbai,Maharashtra,19.328462513730823,72.95159324596786,True,3.7,115,pcb_scrap,PCB / E-Waste Scrap,1559,189.2,5.4,electronic,"PCB / E-Waste Scrap surplus from steel mill operations, approximately 1559kg available, grade A, located in Mumbai, Maharashtra"
C029,Apex Limited,Food Processing,Surat,Gujarat,21.050769924739342,72.85986232788143,False,3.9,55,pet_flakes,PET Flakes,1185,40.0,2.15,plastics,"PET Flakes surplus from paper mill operations, approximately 1185kg available, grade B, located in Surat, Gujarat"
C029,Apex Limited,Food Processing,Surat,Gujarat,21.050769924739342,72.85986232788143,False,3.9,55,pp_granules,PP Granules,1411,70.2,1.96,plastics,"PP Granules surplus from furniture manufacturer operations, approximately 1411kg available, grade A, located in Surat, Gujarat"
C030,Tata Corp,Furniture Manufacturer,Jamshedpur,Jharkhand,22.884364513459477,86.10401295324588,True,4.6,86,mixed_plastic,Mixed Plastic Scrap,1096,17.9,1.5,plastics,"Mixed Plastic Scrap surplus from cement plant operations, approximately 1096kg available, grade B, located in Jamshedpur, Jharkhand"
C030,Tata Corp,Furniture Manufacturer,Jamshedpur,Jharkhand,22.884364513459477,86.10401295324588,True,4.6,86,fly_ash,Fly Ash,1557,2.7,0.48,industrial,"Fly Ash surplus from packaging manufacturer operations, approximately 1557kg available, grade B, located in Jamshedpur, Jharkhand"
C031,Kalyan Manufacturing,Electronics Assembly,Surat,Gujarat,21.11886460659863,72.90895922844264,False,4.5,63,copper_wire,Copper Wire Scrap,144,387.9,3.8,metals,"Copper Wire Scrap surplus from electronics assembly operations, approximately 144kg available, grade B, located in Surat, Gujarat"
C032,Modern Works,Textile Mill,Chennai,Tamil Nadu,12.88823200902392,80.54547962536773,True,3.6,31,wood_chips,Wood Chips,61,6.7,0.72,organic,"Wood Chips surplus from paint manufacturer operations, approximately 61kg available, grade A, located in Chennai, Tamil Nadu"
C033,Kalyan Solutions,Cement Plant,Indore,MP,22.954455555486263,75.92529139365705,True,4.3,106,copper_wire,Copper Wire Scrap,1417,423.9,3.8,metals,"Copper Wire Scrap surplus from plastic moulding operations, approximately 1417kg available, grade A, located in Indore, MP"
C034,Supreme Pvt Ltd,Furniture Manufacturer,Indore,MP,22.56314751828878,75.82162355595894,True,3.9,42,sawdust,Sawdust,971,3.7,0.65,organic,"Sawdust surplus from textile mill operations, approximately 971kg available, grade B, located in Indore, MP"
C034,Supreme Pvt Ltd,Furniture Manufacturer,Indore,MP,22.56314751828878,75.82162355595894,True,3.9,42,used_lubricant,Used Lubricant Oil,1770,26.0,2.85,chemical,"Used Lubricant Oil surplus from cement plant operations, approximately 1770kg available, grade A, located in Indore, MP"
C035,Global Manufacturing,Paper Mill,Rajkot,Gujarat,22.248459621799952,70.82776668430235,True,3.8,53,copper_wire,Copper Wire Scrap,834,444.4,3.8,metals,"Copper Wire Scrap surplus from foundry operations, approximately 834kg available, grade A, located in Rajkot, Gujarat"
C036,JSW Corp,Foundry,Chennai,Tamil Nadu,13.223480436453816,80.45062090256476,True,4.2,34,mixed_plastic,Mixed Plastic Scrap,661,19.4,1.5,plastics,"Mixed Plastic Scrap surplus from paint manufacturer operations, approximately 661kg available, grade A, located in Chennai, Tamil Nadu"
C037,Kalyan Corp,Automobile Parts,Chennai,Tamil Nadu,13.326857317552061,80.32583566537676,True,3.6,54,pp_granules,PP Granules,1440,67.5,1.96,plastics,"PP Granules surplus from foundry operations, approximately 1440kg available, grade A, located in Chennai, Tamil Nadu"
C037,Kalyan Corp,Automobile Parts,Chennai,Tamil Nadu,13.326857317552061,80.32583566537676,True,3.6,54,pet_flakes,PET Flakes,388,49.6,2.15,plastics,"PET Flakes surplus from construction materials operations, approximately 388kg available, grade A, located in Chennai, Tamil Nadu"
C038,Anand Works,Chemical Plant,Nagpur,Maharashtra,21.346746548947273,79.07038410172783,True,3.6,44,steel_scrap,Steel Scrap,720,34.7,1.85,metals,"Steel Scrap surplus from steel mill operations, approximately 720kg available, grade B, located in Nagpur, Maharashtra"
C038,Anand Works,Chemical Plant,Nagpur,Maharashtra,21.346746548947273,79.07038410172783,True,3.6,44,hdpe_pellets,HDPE Plastic Pellets,741,62.5,1.73,plastics,"HDPE Plastic Pellets surplus from paper mill operations, approximately 741kg available, grade A, located in Nagpur, Maharashtra"
C039,Sunrise Limited,Construction Materials,Ahmedabad,Gujarat,22.865626965133345,72.55553663656768,False,4.9,59,pcb_scrap,PCB / E-Waste Scrap,1994,166.4,5.4,electronic,"PCB / E-Waste Scrap surplus from paint manufacturer operations, approximately 1994kg available, grade B, located in Ahmedabad, Gujarat"
C040,United Industries,Chemical Plant,Ludhiana,Punjab,30.94647803704745,76.10211569062847,True,4.9,25,copper_wire,Copper Wire Scrap,1521,371.4,3.8,metals,"Copper Wire Scrap surplus from paint manufacturer operations, approximately 1521kg available, grade B, located in Ludhiana, Punjab"
C040,United Industries,Chemical Plant,Ludhiana,Punjab,30.94647803704745,76.10211569062847,True,4.9,25,kraft_paper,Kraft Paper Waste,385,9.1,0.86,paper,"Kraft Paper Waste surplus from packaging manufacturer operations, approximately 385kg available, grade A, located in Ludhiana, Punjab"
C041,Modern Limited,Cement Plant,Pune,Maharashtra,18.24504147812368,73.87634714718631,True,3.6,82,sawdust,Sawdust,667,4.4,0.65,organic,"Sawdust surplus from food processing operations, approximately 667kg available, grade A, located in Pune, Maharashtra"
C042,Aditya Recyclers,Paper Mill,Rajkot,Gujarat,22.109582176651635,70.81524804816308,True,4.4,117,used_lubricant,Used Lubricant Oil,937,28.5,2.85,chemical,"Used Lubricant Oil surplus from furniture manufacturer operations, approximately 937kg available, grade A, located in Rajkot, Gujarat"
C043,Aditya Processing,Cement Plant,Hyderabad,Telangana,17.36382507996194,78.55289902253831,True,3.5,108,pp_granules,PP Granules,599,58.7,1.96,plastics,"PP Granules surplus from textile mill operations, approximately 599kg available, grade B, located in Hyderabad, Telangana"
C043,Aditya Processing,Cement Plant,Hyderabad,Telangana,17.36382507996194,78.55289902253831,True,3.5,108,used_lubricant,Used Lubricant Oil,1751,28.3,2.85,chemical,"Used Lubricant Oil surplus from chemical plant operations, approximately 1751kg available, grade A, located in Hyderabad, Telangana"
C044,Anand Corp,Automobile Parts,Rajkot,Gujarat,22.31387635102896,70.61683385411627,True,4.1,71,iron_powder,Iron Powder,579,20.9,1.6,metals,"Iron Powder surplus from food processing operations, approximately 579kg available, grade B, located in Rajkot, Gujarat"
C045,Tata Processing,Paper Mill,Jamshedpur,Jharkhand,22.919672293177122,86.08662361807805,True,4.2,67,wood_chips,Wood Chips,967,6.5,0.72,organic,"Wood Chips surplus from packaging manufacturer operations, approximately 967kg available, grade A, located in Jamshedpur, Jharkhand"
C046,Allied Recyclers,Textile Mill,Rajkot,Gujarat,22.133730783927163,70.79271915232762,True,5.0,67,pet_flakes,PET Flakes,677,41.6,2.15,plastics,"PET Flakes surplus from packaging manufacturer operations, approximately 677kg available, grade B, located in Rajkot, Gujarat"
C046,Allied Recyclers,Textile Mill,Rajkot,Gujarat,22.133730783927163,70.79271915232762,True,5.0,67,sawdust,Sawdust,1527,3.6,0.65,organic,"Sawdust surplus from packaging manufacturer operations, approximately 1527kg available, grade B, located in Rajkot, Gujarat"
C047,Anand Industries,Automobile Parts,Bangalore,Karnataka,13.003615380079166,77.71305043574611,False,4.8,62,used_lubricant,Used Lubricant Oil,515,24.0,2.85,chemical,"Used Lubricant Oil surplus from chemical plant operations, approximately 515kg available, grade B, located in Bangalore, Karnataka"
C047,Anand Industries,Automobile Parts,Bangalore,Karnataka,13.003615380079166,77.71305043574611,False,4.8,62,iron_powder,Iron Powder,78,23.4,1.6,metals,"Iron Powder surplus from construction materials operations, approximately 78kg available, grade A, located in Bangalore, Karnataka"
C048,Anand Pvt Ltd,Packaging Manufacturer,Pune,Maharashtra,18.713669387179657,73.79712446535116,False,4.4,6,mixed_plastic,Mixed Plastic Scrap,747,16.3,1.5,plastics,"Mixed Plastic Scrap surplus from automobile parts operations, approximately 747kg available, grade B, located in Pune, Maharashtra"
C049,Kalyan Limited,Textile Mill,Nagpur,Maharashtra,21.31121612381893,79.01642681568794,True,3.9,75,aluminum_scrap,Aluminium Scrap,1192,102.5,9.2,metals,"Aluminium Scrap surplus from food processing operations, approximately 1192kg available, grade A, located in Nagpur, Maharashtra"
C050,Apex Processing,Construction Materials,Chennai,Tamil Nadu,13.113895347346656,80.06461956926589,True,4.5,60,kraft_paper,Kraft Paper Waste,1990,8.6,0.86,paper,"Kraft Paper Waste surplus from furniture manufacturer operations, approximately 1990kg available, grade A, located in Chennai, Tamil Nadu"
C050,Apex Processing,Construction Materials,Chennai,Tamil Nadu,13.113895347346656,80.06461956926589,True,4.5,60,sawdust,Sawdust,482,3.7,0.65,organic,"Sawdust surplus from packaging manufacturer operations, approximately 482kg available, grade B, located in Chennai, Tamil Nadu"
C051,National Associates,Textile Mill,Surat,Gujarat,21.42454662668953,73.00379681598804,True,4.5,119,hdpe_pellets,HDPE Plastic Pellets,629,61.5,1.73,plastics,"HDPE Plastic Pellets surplus from electronics assembly operations, approximately 629kg available, grade A, located in Surat, Gujarat"
C052,Tata Limited,Foundry,Ahmedabad,Gujarat,23.217044180792005,72.82411551738058,True,4.2,38,cardboard,Cardboard / OCC,355,13.5,0.94,paper,"Cardboard / OCC surplus from paint manufacturer operations, approximately 355kg available, grade A, located in Ahmedabad, Gujarat"
C052,Tata Limited,Foundry,Ahmedabad,Gujarat,23.217044180792005,72.82411551738058,True,4.2,38,iron_powder,Iron Powder,341,19.2,1.6,metals,"Iron Powder surplus from construction materials operations, approximately 341kg available, grade B, located in Ahmedabad, Gujarat"
C053,Sunrise Manufacturing,Textile Mill,Ludhiana,Punjab,31.1781466613157,76.0588751683437,True,4.9,97,cardboard,Cardboard / OCC,214,12.4,0.94,paper,"Cardboard / OCC surplus from paper mill operations, approximately 214kg available, grade A, located in Ludhiana, Punjab"
C053,Sunrise Manufacturing,Textile Mill,Ludhiana,Punjab,31.1781466613157,76.0588751683437,True,4.9,97,fly_ash,Fly Ash,1554,2.8,0.48,industrial,"Fly Ash surplus from chemical plant operations, approximately 1554kg available, grade B, located in Ludhiana, Punjab"
C054,JSW Associates,Paint Manufacturer,Delhi,Delhi,28.69913548131461,76.8572454437763,True,4.0,85,pcb_scrap,PCB / E-Waste Scrap,1013,181.0,5.4,electronic,"PCB / E-Waste Scrap surplus from electronics assembly operations, approximately 1013kg available, grade A, located in Delhi, Delhi"
C054,JSW Associates,Paint Manufacturer,Delhi,Delhi,28.69913548131461,76.8572454437763,True,4.0,85,fly_ash,Fly Ash,1926,2.8,0.48,industrial,"Fly Ash surplus from food processing operations, approximately 1926kg available, grade B, located in Delhi, Delhi"
C055,Allied Industries,Electronics Assembly,Pune,Maharashtra,18.27323587566547,73.70813931056533,False,4.7,110,pp_granules,PP Granules,640,65.0,1.96,plastics,"PP Granules surplus from paper mill operations, approximately 640kg available, grade A, located in Pune, Maharashtra"
C056,Pioneer Associates,Electronics Assembly,Hyderabad,Telangana,17.54099432163661,78.30883494301017,True,4.9,56,pp_granules,PP Granules,1111,59.4,1.96,plastics,"PP Granules surplus from cement plant operations, approximately 1111kg available, grade B, located in Hyderabad, Telangana"
C057,JSW Manufacturing,Textile Mill,Indore,MP,23.01495428363713,76.1054579270905,True,3.7,106,steel_scrap,Steel Scrap,1686,35.0,1.85,metals,"Steel Scrap surplus from construction materials operations, approximately 1686kg available, grade B, located in Indore, MP"
C057,JSW Manufacturing,Textile Mill,Indore,MP,23.01495428363713,76.1054579270905,True,3.7,106,wood_chips,Wood Chips,686,6.1,0.72,organic,"Wood Chips surplus from plastic moulding operations, approximately 686kg available, grade A, located in Indore, MP"
C058,Jindal Processing,Food Processing,Nagpur,Maharashtra,21.150744534955738,79.31579575308788,True,3.9,101,cardboard,Cardboard / OCC,1759,11.9,0.94,paper,"Cardboard / OCC surplus from electronics assembly operations, approximately 1759kg available, grade B, located in Nagpur, Maharashtra"
C058,Jindal Processing,Food Processing,Nagpur,Maharashtra,21.150744534955738,79.31579575308788,True,3.9,101,sawdust,Sawdust,549,3.9,0.65,organic,"Sawdust surplus from construction materials operations, approximately 549kg available, grade B, located in Nagpur, Maharashtra"
C059,Pioneer Recyclers,Electronics Assembly,Kolkata,West Bengal,22.595748346622326,88.2709743650158,True,4.3,58,fly_ash,Fly Ash,1730,2.6,0.48,industrial,"Fly Ash surplus from foundry operations, approximately 1730kg available, grade B, located in Kolkata, West Bengal"
C059,Pioneer Recyclers,Electronics Assembly,Kolkata,West Bengal,22.595748346622326,88.2709743650158,True,4.3,58,pcb_scrap,PCB / E-Waste Scrap,661,198.2,5.4,electronic,"PCB / E-Waste Scrap surplus from food processing operations, approximately 661kg available, grade A, located in Kolkata, West Bengal"
C060,Pioneer Works,Paper Mill,Indore,MP,23.012648401163617,76.03313619641995,True,3.7,4,sawdust,Sawdust,834,3.7,0.65,organic,"Sawdust surplus from cement plant operations, approximately 834kg available, grade B, located in Indore, MP"
C060,Pioneer Works,Paper Mill,Indore,MP,23.012648401163617,76.03313619641995,True,3.7,4,iron_powder,Iron Powder,891,19.0,1.6,metals,"Iron Powder surplus from foundry operations, approximately 891kg available, grade B, located in Indore, MP"
C061,Premier Manufacturing,Electronics Assembly,Nagpur,Maharashtra,21.314715174763815,78.94721366772605,True,4.1,10,used_lubricant,Used Lubricant Oil,254,25.2,2.85,chemical,"Used Lubricant Oil surplus from electronics assembly operations, approximately 254kg available, grade A, located in Nagpur, Maharashtra"
C061,Premier Manufacturing,Electronics Assembly,Nagpur,Maharashtra,21.314715174763815,78.94721366772605,True,4.1,10,fly_ash,Fly Ash,81,3.2,0.48,industrial,"Fly Ash surplus from paper mill operations, approximately 81kg available, grade A, located in Nagpur, Maharashtra"
C062,Tata Processing,Foundry,Kolkata,West Bengal,22.32682759846138,88.65090263693233,True,4.6,12,pet_flakes,PET Flakes,1836,45.6,2.15,plastics,"PET Flakes surplus from food processing operations, approximately 1836kg available, grade A, located in Kolkata, West Bengal"
C062,Tata Processing,Foundry,Kolkata,West Bengal,22.32682759846138,88.65090263693233,True,4.6,12,wood_chips,Wood Chips,190,5.5,0.72,organic,"Wood Chips surplus from furniture manufacturer operations, approximately 190kg available, grade B, located in Kolkata, West Bengal"
C063,Mahindra Solutions,Paper Mill,Coimbatore,Tamil Nadu,10.804141877419639,76.97449979088925,True,4.7,21,fly_ash,Fly Ash,714,3.3,0.48,industrial,"Fly Ash surplus from chemical plant operations, approximately 714kg available, grade A, located in Coimbatore, Tamil Nadu"
C064,Shree Pvt Ltd,Furniture Manufacturer,Nagpur,Maharashtra,20.998186403648127,78.9413960248955,False,4.7,115,kraft_paper,Kraft Paper Waste,1069,9.0,0.86,paper,"Kraft Paper Waste surplus from construction materials operations, approximately 1069kg available, grade A, located in Nagpur, Maharashtra"
C065,Anand Pvt Ltd,Paint Manufacturer,Surat,Gujarat,21.05147300232299,73.13072413930011,True,3.7,48,mixed_plastic,Mixed Plastic Scrap,1253,16.9,1.5,plastics,"Mixed Plastic Scrap surplus from paper mill operations, approximately 1253kg available, grade B, located in Surat, Gujarat"
C066,Bharat Limited,Foundry,Bangalore,Karnataka,12.969636371914323,77.83709317453624,True,4.7,77,sawdust,Sawdust,860,3.7,0.65,organic,"Sawdust surplus from food processing operations, approximately 860kg available, grade B, located in Bangalore, Karnataka"
C066,Bharat Limited,Foundry,Bangalore,Karnataka,12.969636371914323,77.83709317453624,True,4.7,77,hdpe_pellets,HDPE Plastic Pellets,1821,61.2,1.73,plastics,"HDPE Plastic Pellets surplus from foundry operations, approximately 1821kg available, grade A, located in Bangalore, Karnataka"
C067,Premier Associates,Packaging Manufacturer,Jamshedpur,Jharkhand,23.046642222443783,86.2907043653343,True,4.2,74,wood_chips,Wood Chips,563,6.3,0.72,organic,"Wood Chips surplus from foundry operations, approximately 563kg available, grade A, located in Jamshedpur, Jharkhand"
C067,Premier Associates,Packaging Manufacturer,Jamshedpur,Jharkhand,23.046642222443783,86.2907043653343,True,4.2,74,iron_powder,Iron Powder,1621,23.1,1.6,metals,"Iron Powder surplus from paint manufacturer operations, approximately 1621kg available, grade A, located in Jamshedpur, Jharkhand"
C068,Global Recyclers,Cement Plant,Rajkot,Gujarat,22.32754465539065,71.0850937487268,True,4.9,106,fly_ash,Fly Ash,719,3.2,0.48,industrial,"Fly Ash surplus from construction materials operations, approximately 719kg available, grade A, located in Rajkot, Gujarat"
C069,Jindal Corp,Steel Mill,Nagpur,Maharashtra,20.899981725341153,79.02494473619723,True,3.7,47,pcb_scrap,PCB / E-Waste Scrap,1697,159.2,5.4,electronic,"PCB / E-Waste Scrap surplus from packaging manufacturer operations, approximately 1697kg available, grade B, located in Nagpur, Maharashtra"
C069,Jindal Corp,Steel Mill,Nagpur,Maharashtra,20.899981725341153,79.02494473619723,True,3.7,47,hdpe_pellets,HDPE Plastic Pellets,338,62.4,1.73,plastics,"HDPE Plastic Pellets surplus from textile mill operations, approximately 338kg available, grade A, located in Nagpur, Maharashtra"
C070,Reliance Limited,Textile Mill,Delhi,Delhi,28.792691428383666,77.18374235342677,True,4.6,83,used_lubricant,Used Lubricant Oil,1432,23.0,2.85,chemical,"Used Lubricant Oil surplus from automobile parts operations, approximately 1432kg available, grade B, located in Delhi, Delhi"
C070,Reliance Limited,Textile Mill,Delhi,Delhi,28.792691428383666,77.18374235342677,True,4.6,83,wood_chips,Wood Chips,1318,6.7,0.72,organic,"Wood Chips surplus from plastic moulding operations, approximately 1318kg available, grade A, located in Delhi, Delhi"
C071,Modern Processing,Plastic Moulding,Chennai,Tamil Nadu,12.864098429223803,80.24288625413334,True,4.6,69,steel_scrap,Steel Scrap,673,43.7,1.85,metals,"Steel Scrap surplus from packaging manufacturer operations, approximately 673kg available, grade A, located in Chennai, Tamil Nadu"
C072,Bharat Solutions,Textile Mill,Chennai,Tamil Nadu,13.048729851636422,80.54103310191086,True,3.6,87,wood_chips,Wood Chips,1310,5.8,0.72,organic,"Wood Chips surplus from chemical plant operations, approximately 1310kg available, grade B, located in Chennai, Tamil Nadu"
C073,Kalyan Industries,Automobile Parts,Rajkot,Gujarat,22.475976754272768,70.64834133829841,False,4.3,8,pp_granules,PP Granules,300,70.4,1.96,plastics,"PP Granules surplus from paint manufacturer operations, approximately 300kg available, grade A, located in Rajkot, Gujarat"
C073,Kalyan Industries,Automobile Parts,Rajkot,Gujarat,22.475976754272768,70.64834133829841,False,4.3,8,hdpe_pellets,HDPE Plastic Pellets,981,50.9,1.73,plastics,"HDPE Plastic Pellets surplus from textile mill operations, approximately 981kg available, grade B, located in Rajkot, Gujarat"
C074,Kalyan Industries,Chemical Plant,Kolkata,West Bengal,22.787643675828107,88.15071278819231,False,3.9,22,used_lubricant,Used Lubricant Oil,527,23.7,2.85,chemical,"Used Lubricant Oil surplus from construction materials operations, approximately 527kg available, grade B, located in Kolkata, West Bengal"
C075,Reliance Industries,Construction Materials,Pune,Maharashtra,18.379620504994982,73.63275512622768,True,3.7,8,steel_scrap,Steel Scrap,1667,41.3,1.85,metals,"Steel Scrap surplus from food processing operations, approximately 1667kg available, grade A, located in Pune, Maharashtra"
C076,Supreme Enterprises,Electronics Assembly,Coimbatore,Tamil Nadu,11.102804410523293,76.6744903837062,True,4.8,54,cardboard,Cardboard / OCC,1081,11.0,0.94,paper,"Cardboard / OCC surplus from food processing operations, approximately 1081kg available, grade B, located in Coimbatore, Tamil Nadu"
C076,Supreme Enterprises,Electronics Assembly,Coimbatore,Tamil Nadu,11.102804410523293,76.6744903837062,True,4.8,54,kraft_paper,Kraft Paper Waste,138,8.5,0.86,paper,"Kraft Paper Waste surplus from paint manufacturer operations, approximately 138kg available, grade A, located in Coimbatore, Tamil Nadu"
C077,Premier Manufacturing,Construction Materials,Delhi,Delhi,28.569109599734773,77.18234603458062,True,4.0,76,sawdust,Sawdust,1891,3.5,0.65,organic,"Sawdust surplus from food processing operations, approximately 1891kg available, grade B, located in Delhi, Delhi"
C078,Allied Processing,Paper Mill,Hyderabad,Telangana,17.35593294957917,78.32379614461875,True,4.2,53,cardboard,Cardboard / OCC,1674,12.7,0.94,paper,"Cardboard / OCC surplus from paint manufacturer operations, approximately 1674kg available, grade A, located in Hyderabad, Telangana"
C078,Allied Processing,Paper Mill,Hyderabad,Telangana,17.35593294957917,78.32379614461875,True,4.2,53,kraft_paper,Kraft Paper Waste,1390,8.4,0.86,paper,"Kraft Paper Waste surplus from cement plant operations, approximately 1390kg available, grade A, located in Hyderabad, Telangana"
C079,Pioneer Manufacturing,Packaging Manufacturer,Ludhiana,Punjab,31.100063133084912,75.6132380610222,False,4.6,103,pp_granules,PP Granules,572,59.7,1.96,plastics,"PP Granules surplus from construction materials operations, approximately 572kg available, grade B, located in Ludhiana, Punjab"
C080,JSW Industries,Chemical Plant,Nagpur,Maharashtra,21.206046054734806,78.99918771141589,True,3.8,84,wood_chips,Wood Chips,774,6.7,0.72,organic,"Wood Chips surplus from cement plant operations, approximately 774kg available, grade A, located in Nagpur, Maharashtra"
C081,Anand Limited,Textile Mill,Coimbatore,Tamil Nadu,11.201132822691406,77.162893096797,True,4.7,78,pet_flakes,PET Flakes,1189,43.2,2.15,plastics,"PET Flakes surplus from cement plant operations, approximately 1189kg available, grade B, located in Coimbatore, Tamil Nadu"
C082,Mahindra Industries,Construction Materials,Delhi,Delhi,28.92601762392186,77.14229265685684,True,3.7,81,steel_scrap,Steel Scrap,1489,41.0,1.85,metals,"Steel Scrap surplus from steel mill operations, approximately 1489kg available, grade A, located in Delhi, Delhi"
C083,Tata Solutions,Cement Plant,Mumbai,Maharashtra,19.340844454382033,72.93543426332306,True,3.7,96,pp_granules,PP Granules,979,59.0,1.96,plastics,"PP Granules surplus from steel mill operations, approximately 979kg available, grade B, located in Mumbai, Maharashtra"
C084,Aditya Works,Chemical Plant,Bangalore,Karnataka,12.800941379202648,77.60200778348066,True,3.7,86,hdpe_pellets,HDPE Plastic Pellets,1405,56.7,1.73,plastics,"HDPE Plastic Pellets surplus from food processing operations, approximately 1405kg available, grade B, located in Bangalore, Karnataka"
C085,Anand Enterprises,Steel Mill,Delhi,Delhi,28.47609060622333,77.10093119716801,True,3.7,68,steel_scrap,Steel Scrap,162,32.4,1.85,metals,"Steel Scrap surplus from chemical plant operations, approximately 162kg available, grade B, located in Delhi, Delhi"
C085,Anand Enterprises,Steel Mill,Delhi,Delhi,28.47609060622333,77.10093119716801,True,3.7,68,iron_powder,Iron Powder,1986,20.1,1.6,metals,"Iron Powder surplus from construction materials operations, approximately 1986kg available, grade B, located in Delhi, Delhi"
C086,National Solutions,Food Processing,Ludhiana,Punjab,30.8585705717805,75.79995373070314,True,3.9,51,aluminum_scrap,Aluminium Scrap,136,93.2,9.2,metals,"Aluminium Scrap surplus from electronics assembly operations, approximately 136kg available, grade B, located in Ludhiana, Punjab"
C087,Shree Works,Food Processing,Mumbai,Maharashtra,19.01626988978965,72.62488825248973,True,4.6,28,pcb_scrap,PCB / E-Waste Scrap,1753,190.2,5.4,electronic,"PCB / E-Waste Scrap surplus from steel mill operations, approximately 1753kg available, grade A, located in Mumbai, Maharashtra"
C087,Shree Works,Food Processing,Mumbai,Maharashtra,19.01626988978965,72.62488825248973,True,4.6,28,kraft_paper,Kraft Paper Waste,230,7.8,0.86,paper,"Kraft Paper Waste surplus from packaging manufacturer operations, approximately 230kg available, grade B, located in Mumbai, Maharashtra"
C088,Mahindra Solutions,Foundry,Rajkot,Gujarat,22.57883400939829,70.88946578570173,False,3.7,32,cardboard,Cardboard / OCC,283,12.1,0.94,paper,"Cardboard / OCC surplus from textile mill operations, approximately 283kg available, grade A, located in Rajkot, Gujarat"
C089,Pioneer Pvt Ltd,Cement Plant,Ahmedabad,Gujarat,23.06074128997271,72.61908085382389,True,4.8,82,pcb_scrap,PCB / E-Waste Scrap,1392,157.1,5.4,electronic,"PCB / E-Waste Scrap surplus from cement plant operations, approximately 1392kg available, grade B, located in Ahmedabad, Gujarat"
C090,Supreme Manufacturing,Chemical Plant,Delhi,Delhi,28.681145491867873,76.82506434734266,True,3.9,82,copper_wire,Copper Wire Scrap,955,436.6,3.8,metals,"Copper Wire Scrap surplus from cement plant operations, approximately 955kg available, grade A, located in Delhi, Delhi"
C090,Supreme Manufacturing,Chemical Plant,Delhi,Delhi,28.681145491867873,76.82506434734266,True,3.9,82,mixed_plastic,Mixed Plastic Scrap,612,18.5,1.5,plastics,"Mixed Plastic Scrap surplus from steel mill operations, approximately 612kg available, grade A, located in Delhi, Delhi"
C091,Aditya Limited,Furniture Manufacturer,Kolkata,West Bengal,22.385543679041536,88.42690350044204,True,4.9,57,mixed_plastic,Mixed Plastic Scrap,1671,19.3,1.5,plastics,"Mixed Plastic Scrap surplus from automobile parts operations, approximately 1671kg available, grade A, located in Kolkata, West Bengal"
C092,Apex Solutions,Steel Mill,Pune,Maharashtra,18.771162073470176,73.78914993571388,True,4.5,6,cardboard,Cardboard / OCC,130,11.1,0.94,paper,"Cardboard / OCC surplus from electronics assembly operations, approximately 130kg available, grade B, located in Pune, Maharashtra"
C092,Apex Solutions,Steel Mill,Pune,Maharashtra,18.771162073470176,73.78914993571388,True,4.5,6,wood_chips,Wood Chips,949,6.0,0.72,organic,"Wood Chips surplus from food processing operations, approximately 949kg available, grade A, located in Pune, Maharashtra"
C093,Premier Solutions,Packaging Manufacturer,Jamshedpur,Jharkhand,22.854243708751852,85.98775702835059,True,5.0,89,pet_flakes,PET Flakes,1439,43.5,2.15,plastics,"PET Flakes surplus from chemical plant operations, approximately 1439kg available, grade B, located in Jamshedpur, Jharkhand"
C093,Premier Solutions,Packaging Manufacturer,Jamshedpur,Jharkhand,22.854243708751852,85.98775702835059,True,5.0,89,aluminum_scrap,Aluminium Scrap,1532,105.0,9.2,metals,"Aluminium Scrap surplus from food processing operations, approximately 1532kg available, grade A, located in Jamshedpur, Jharkhand"
C094,Supreme Manufacturing,Furniture Manufacturer,Delhi,Delhi,28.806373624047964,77.10759309185369,False,4.0,27,kraft_paper,Kraft Paper Waste,684,8.1,0.86,paper,"Kraft Paper Waste surplus from furniture manufacturer operations, approximately 684kg available, grade A, located in Delhi, Delhi"
C094,Supreme Manufacturing,Furniture Manufacturer,Delhi,Delhi,28.806373624047964,77.10759309185369,False,4.0,27,sawdust,Sawdust,1671,3.8,0.65,organic,"Sawdust surplus from construction materials operations, approximately 1671kg available, grade B, located in Delhi, Delhi"
C095,Supreme Industries,Furniture Manufacturer,Rajkot,Gujarat,22.205958623178567,70.96198456266835,False,4.1,20,iron_powder,Iron Powder,208,20.7,1.6,metals,"Iron Powder surplus from cement plant operations, approximately 208kg available, grade B, located in Rajkot, Gujarat"
C095,Supreme Industries,Furniture Manufacturer,Rajkot,Gujarat,22.205958623178567,70.96198456266835,False,4.1,20,copper_wire,Copper Wire Scrap,257,421.0,3.8,metals,"Copper Wire Scrap surplus from plastic moulding operations, approximately 257kg available, grade A, located in Rajkot, Gujarat"
C096,Kalyan Enterprises,Cement Plant,Nagpur,Maharashtra,21.294921910857262,79.05755677782001,True,4.0,103,steel_scrap,Steel Scrap,1435,40.5,1.85,metals,"Steel Scrap surplus from electronics assembly operations, approximately 1435kg available, grade A, located in Nagpur, Maharashtra"
C097,JSW Recyclers,Paint Manufacturer,Jamshedpur,Jharkhand,22.62441863886681,86.26569806854604,True,3.6,61,pet_flakes,PET Flakes,952,44.5,2.15,plastics,"PET Flakes surplus from chemical plant operations, approximately 952kg available, grade B, located in Jamshedpur, Jharkhand"
C097,JSW Recyclers,Paint Manufacturer,Jamshedpur,Jharkhand,22.62441863886681,86.26569806854604,True,3.6,61,wood_chips,Wood Chips,1643,5.8,0.72,organic,"Wood Chips surplus from plastic moulding operations, approximately 1643kg available, grade B, located in Jamshedpur, Jharkhand"
C098,Supreme Recyclers,Paint Manufacturer,Kolkata,West Bengal,22.53508353611699,88.63174795780705,True,4.2,44,sawdust,Sawdust,1793,3.5,0.65,organic,"Sawdust surplus from packaging manufacturer operations, approximately 1793kg available, grade B, located in Kolkata, West Bengal"
C098,Supreme Recyclers,Paint Manufacturer,Kolkata,West Bengal,22.53508353611699,88.63174795780705,True,4.2,44,used_lubricant,Used Lubricant Oil,1612,22.5,2.85,chemical,"Used Lubricant Oil surplus from electronics assembly operations, approximately 1612kg available, grade B, located in Kolkata, West Bengal"
C099,Mahindra Processing,Automobile Parts,Indore,MP,22.61081092526984,75.61714987463583,True,4.0,18,steel_scrap,Steel Scrap,815,35.0,1.85,metals,"Steel Scrap surplus from packaging manufacturer operations, approximately 815kg available, grade B, located in Indore, MP"
C100,Pioneer Pvt Ltd,Food Processing,Nagpur,Maharashtra,20.84895071898337,78.83573546276243,True,4.8,70,fly_ash,Fly Ash,1475,3.3,0.48,industrial,"Fly Ash surplus from cement plant operations, approximately 1475kg available, grade A, located in Nagpur, Maharashtra"
